"Method","F_statistic","P_value","Time_sec","Significant"
"MeLSI",4.89485944293246,0.00497512437810945,163287.668896914,TRUE
"Euclidean",4.89727924780739,0.001,3.8414101600647,TRUE
"Bray-Curtis",16.2747358072322,0.001,4.00554919242859,TRUE
"Jaccard",11.0579938363856,0.001,3.70840668678284,TRUE
