"dataset","parameter","parameter_value","melsi_F","melsi_p","melsi_time"
"Param_B10","B",10,1.43955358649532,0.105263157894737,34.4284081459045
"Param_B20","B",20,1.44431673412597,0.0921052631578947,67.3822231292725
"Param_B50","B",50,1.44478348087245,0.105263157894737,155.102113962173
"Param_B100","B",100,1.44060174835671,0.184210526315789,308.167722940445
"Param_mfrac0.5","m_frac",0.5,1.47747880478081,0.118421052631579,86.7987461090088
"Param_mfrac0.7","m_frac",0.7,1.46017634255782,0.0657894736842105,86.9601919651031
"Param_mfrac0.8","m_frac",0.8,1.43477237996011,0.0657894736842105,98.5098819732666
"Param_mfrac0.9","m_frac",0.9,1.40437157490863,0.157894736842105,106.515620946884
