"Effect_Size","MeLSI_F","MeLSI_p","Euclidean_F","Euclidean_p","BrayCurtis_F","BrayCurtis_p","Jaccard_F","Jaccard_p","WeightedUniFrac_F","WeightedUniFrac_p","UnweightedUniFrac_F","UnweightedUniFrac_p","Best_Traditional","Best_Traditional_F"
"Small",1.33267735576712,0.373134328358209,1.02969096072659,0.39,1.04741117226054,0.334,1.06464764204155,0.382,1.59239645810761,0.021,0.917973864941741,0.614,"WeightedUniFrac",1.59239645810761
"Medium",1.60482927563414,0.0298507462686567,1.36133489276838,0.001,1.8291403340073,0.001,0.962856664580061,0.579,1.57162198282818,0.02,1.0755471297931,0.353,"BrayCurtis",1.8291403340073
"Large",2.21739321827008,0.00497512437810945,2.17366353084865,0.001,5.64171862015182,0.001,0.746198524302214,0.935,6.14529576261807,0.001,0.794578578091373,0.835,"WeightedUniFrac",6.14529576261807
"Atlas1006 (Real)",5.14086277207485,0.00497512437810945,4.71104153680648,0.001,4.44199370495557,0.001,1.79075062117316,0.144,NA,NA,NA,NA,"Euclidean",4.71104153680648
"DietSwap (Real)",2.85617145784564,0.0149253731343284,1.64460105980214,0.09,2.15336308099763,0.058,1.9214763466285,0.1,NA,NA,NA,NA,"BrayCurtis",2.15336308099763
